-- phpMyAdmin SQL Dump
-- version 5.0.2
-- https://www.phpmyadmin.net/
--
-- Host: 127.0.0.1:3306
-- Generation Time: Jan 06, 2022 at 06:06 AM
-- Server version: 5.7.31
-- PHP Version: 7.3.21

SET SQL_MODE = "NO_AUTO_VALUE_ON_ZERO";
START TRANSACTION;
SET time_zone = "+00:00";


/*!40101 SET @OLD_CHARACTER_SET_CLIENT=@@CHARACTER_SET_CLIENT */;
/*!40101 SET @OLD_CHARACTER_SET_RESULTS=@@CHARACTER_SET_RESULTS */;
/*!40101 SET @OLD_COLLATION_CONNECTION=@@COLLATION_CONNECTION */;
/*!40101 SET NAMES utf8mb4 */;

--
-- Database: `nhom4`
--

-- --------------------------------------------------------

--
-- Table structure for table `manufactures`
--

DROP TABLE IF EXISTS `manufactures`;
CREATE TABLE IF NOT EXISTS `manufactures` (
  `manu_id` int(11) NOT NULL AUTO_INCREMENT,
  `manu_name` varchar(100) COLLATE utf8_unicode_ci NOT NULL,
  `manu_logo` varchar(30) COLLATE utf8_unicode_ci NOT NULL,
  PRIMARY KEY (`manu_id`)
) ENGINE=MyISAM AUTO_INCREMENT=14 DEFAULT CHARSET=utf8 COLLATE=utf8_unicode_ci;

--
-- Dumping data for table `manufactures`
--

INSERT INTO `manufactures` (`manu_id`, `manu_name`, `manu_logo`) VALUES
(1, 'Nokia', 'logonokia.jpg'),
(2, 'Asus', 'logoasus.jpg'),
(3, 'Apple', 'logo_apple_001.jpg'),
(4, 'Acer', 'logoacer.jpg'),
(5, 'Masste', '');

-- --------------------------------------------------------

--
-- Table structure for table `products`
--

DROP TABLE IF EXISTS `products`;
CREATE TABLE IF NOT EXISTS `products` (
  `id` int(20) NOT NULL AUTO_INCREMENT,
  `name` varchar(100) COLLATE utf8_unicode_ci NOT NULL,
  `manu_id` int(11) NOT NULL,
  `type_id` int(11) NOT NULL,
  `price` int(10) NOT NULL,
  `image` varchar(150) COLLATE utf8_unicode_ci NOT NULL,
  `description` text COLLATE utf8_unicode_ci NOT NULL,
  `feature` tinyint(4) NOT NULL,
  `created_at` timestamp NOT NULL DEFAULT CURRENT_TIMESTAMP,
  `hangton` int(11) NOT NULL,
  PRIMARY KEY (`id`)
) ENGINE=MyISAM AUTO_INCREMENT=36 DEFAULT CHARSET=utf8 COLLATE=utf8_unicode_ci;

--
-- Dumping data for table `products`
--

INSERT INTO `products` (`id`, `name`, `manu_id`, `type_id`, `price`, `image`, `description`, `feature`, `created_at`, `hangton`) VALUES
(1, 'Nokia 105 DS (2019)', 1, 1, 400000, '636455594312802784_1.jpg', 'Thời lượng pin luôn là ưu điểm của dòng Nokia 105. Nokia 105 (2019) cho phép bạn thoải mái gọi điện từ sáng sớm đến tối mịt mà không lo hết pin. Chiếc điện thoại nhỏ con này có thời gian chờ lên tới gần 26 ngày và thời gian gọi thoại hơn 14 tiếng liên tục. Dù bạn là người có nhu cầu đàm thoại cao ngày khoảng 2 tiếng thì phải đến 5-7 ngày Nokia 105 (2019) mới cần phải sạc.\r\nNokia 105 (2019) có sức chứa tới 2000 số trong danh bạ, đủ cho mọi người quen của bạn. Đồng thời, điện thoại còn có khả năng lưu trữ tới 500 tin nhắn, cho bạn giữ lại những tin nhắn quan trọng.', 0, '2019-09-19 17:00:00', 0),
(2, 'iPhone 12 Pro 128GB', 3, 1, 27999000, '637382704773830272_ip-12-pro-vang-1.jfif', 'Đến với đẳng cấp Pro đích thực, nơi mà những điều đặc biệt đang chờ đón bạn trên iPhone 12 Pro. Từ hệ thống camera Pro chụp thiếu sáng cực đỉnh, kết nối 5G siêu tốc cho đến bộ vi xử lý A14 Bionic nhanh nhất thế giới smartphone, vẫn còn nhiều bất ngờ khác để bạn khám phá.\r\n\r\nNhờ viền màn hình mỏng hơn, iPhone 12 Pro đã có thể trang bị một màn hình lớn hơn, nhưng kích thước vẫn nhỏ gọn tương tự iPhone 11 Pro. Giờ đây bạn sẽ có màn hình lớn tới 6,1 inch, để trải nghiệm được nhiều hơn.\r\n\r\nẤn tượng hơn nữa, màn hình iPhone 12 Pro siêu sắc nét với công nghệ Super Retina XDR. Tấm nền OLED mang tới hình ảnh trong trẻo, màu sắc chính xác, độ tương phản lên tới 2.000.000:1, độ sáng tối đa 1200 nits. Các công nghệ khác như HDR hay True Tone khiến cho chất lượng hiển thị của iPhone 12 Pro thêm phần hoàn hảo.\r\n\r\nApple đã đưa công nghệ bảo vệ màn hình phủ gốm Ceramic Shield lên iPhone 12 Pro. Các tinh thể gốm nano cứng hơn cả kim loại và kính được đưa vào tấm kính màn hình, mang tới độ bền cũng như khả năng chống xước tuyệt vời. Kết quả là màn hình iPhone 12 Pro sẽ bền hơn tới 4 lần trong thử nghiệm thả rơi. Nguy cơ bị vỡ màn hình của bạn sẽ giảm đi rất nhiều với Ceramic Shield.\r\n\r\niPhone 12 Pro đã đạt đến tầm tinh xảo thượng thừa trong thiết kế. Bạn sẽ có một chiếc điện thoại viền thép không gỉ đặc biệt sang trọng và cứng cáp. Phần viền thép được làm phẳng, vuông vắn với những đường cắt kim cương sáng bóng tạo nên vẻ ngoài cao cấp, xứng tầm tác phẩm nghệ thuật.\r\n\r\nSẽ có 4 màu sắc để bạn lựa chọn là Bạc, Xám than chì, Vàng và Xanh đại dương. Cả 4 màu sắc này đều rất đẳng cấp và tạo phong thái riêng cho người dùng.\r\n\r\nChuẩn chống nước IP68 trên iPhone 12 Pro mang tới khả năng chống nước hàng đầu trong ngành smartphone. Bạn có thể ngâm nước ở độ sâu lên đến 6m trong vòng 30 phút mà không ảnh hưởng gì đến điện thoại. Gần như toàn bộ mối nguy hại từ nước đều được miễn nhiễm bởi iPhone 12 Pro.', 1, '2020-11-26 17:00:00', 0),
(3, 'Laptop ASUS Gaming TUF FX516PE HN005T i7 11370H/ 8GB/512GB SSD/RTX 3050Ti 4GB/Win10', 2, 2, 29999000, '637526137028914779_asus-tuf-gaming-fx516-xam-1.jpg', 'Laptop ASUS Gaming TUF FX516PE HN005T là đại diện tiêu biểu cho laptop chơi game thời đại mới, khi bạn có thể tận hưởng khả năng chơi game mạnh mẽ như những PC hàng đầu với chip Intel Core i7 gen 11 và card đồ họa RTX 30 series ở bất cứ nơi nào bạn muốn.\r\nKhông đơn thuần gói gọn trong hoạt động chơi game, sức mạnh của ASUS Gaming TUF FX516PE HN005T (Dash F15) đủ để đáp ứng mọi nhu cầu của bạn, kể cả những công việc chuyên nghiệp đòi hỏi hiệu năng cao. Bộ vi xử lý Intel Core i7 11370H thuộc thế hệ thứ 11 mới nhất có tốc độ xung nhịp tối đa lên tới 4.80GHz, tương đương với CPU của những máy PC nhanh nhất hiện nay, vô cùng mạnh mẽ nhưng cũng rất tiết kiệm điện năng. Bạn có thể chơi các game bom tấn, vừa chơi game vừa livestream hay chạy mọi ứng dụng nặng trên chiếc máy tính Dash F15 đầy di động.\r\nAsus TUF Gaming FX516PE trang bị card đồ họa rời RTX 3050, giải pháp đồ họa chuyên nghiệp dành cho các game thủ và người sáng tạo nội dung của NVIDIA. Đây là card đồ họa được xây dựng trên kiến trúc Ampere hoàn toàn mới, tập hợp các lõi CUDA, lõi RT và Tensor nâng cao để tăng hiệu quả tạo bóng, theo dõi tia thời gian thực và AI. Bạn sẽ được trải nghiệm ánh sáng và các hiệu ứng khác trong game chân thực hơn bao giờ hết. Đồng thời những tác vụ đồ họa như chỉnh sửa ảnh và video cũng được hưởng lợi bởi sức mạnh của RTX 3050.\r\nTrang bị sẵn 8GB RAM DDR4 3200MHz, khả năng đa nhiệm của bạn sẽ mượt mà hơn bao giờ hết. RAM hiệu năng cao giúp bạn có thể chuyển đổi liền mạch giữa chơi game, phát trực tuyến hay duyệt web mà không có bất cứ độ trễ nào. Ngoài ra, 512GB SSD NVMe cho phép tải trò chơi và ứng dụng cực nhanh, không để bạn phải chờ đợi.\r\nThiết kế của Asus TUF Dash F15 FX516PE cực chất với những đường nét đơn giản nhưng táo bạo. Màn hình viền siêu mỏng, kiểu dáng vuông vắn mạnh mẽ và logo TUF nổi bật ở mặt lưng tạo nên vẻ đẹp đậm chất game thủ nhưng cũng không kém phần hiện đại. Đặc biệt, đây là chiếc laptop TUF Gaming di động nhất từ trước đến nay khi nhẹ hơn 10% và nhỏ hơn 20% so với các thế hệ trước. Với độ mỏng chỉ 19,9mm, rất dễ dàng để bạn cho Asus TUF Gaming FX516PE vào balo trong quá trình di chuyển.\r\nMàn hình 15,6 inch IPS Full HD viền mỏng tuyệt đẹp của Asus TUF Gaming FX516PE mang đến cho bạn rất nhiều cảm hứng khi chơi game. Nhưng trên hết, bạn sẽ được tận hưởng khả năng chơi game ở tốc độ chuyên nghiệp với tần số quét 144Hz và Adaptive-Sync. Tốc độ làm mới của màn hình sẽ được đồng bộ hóa với khung hình GPU để giảm thiểu độ trễ, loại bỏ hiện tượng giật hình hay xé hình. Trò chơi sẽ diễn ra theo chuyển động mượt mà nhất, cho bạn lợi thế khi luôn thao tác nhanh hơn đối thủ.\r\nHệ thống âm thanh của ASUS TUF Dash F15 FX516 khiến bạn thực sự choáng ngợp với 2 loa và 4 khu vực thoát âm lớn, công nghệ âm thanh DTS:X cao cấp đầy chất lượng. Bạn sẽ được tận hưởng âm thanh vòm ảo 7.1, khuếch đại âm thanh trong trò chơi và phát ra âm thanh nổi sống động. Không chỉ âm thanh phát ra, Dash F15 còn có tính năng khử tiếng ồn AI hai chiều để tăng cường chất lượng micro trong các tựa game trực tuyến.\r\nDù là một chiếc laptop chơi game siêu mỏng nhẹ di động, nhưng bạn sẽ không thiếu bất cứ kết nối nào trên ASUS TUF Dash F15 FX516. Bạn sẽ có đầy đủ 3 cổng USB 3.2 Gen 1 Type-A; cổng HDMI 2.0b; jack tai nghe; cổng mạng RJ45; khóa Kensington và đặc biệt là cổng Thunderbolt 4 USB-C với khả năng sạc điện cùng xuất hình DisplayPort 1.4. Thoải mái kết nối với bất kỳ thiết bị nào cần thiết cho công việc và hoạt động chơi game của bạn, Asus TUF Gaming FX516PE luôn sẵn sàng.\r\nĐộ bền là đặc trưng của dòng TUF Gaming. Mẫu laptop Asus TUF Gaming FX516PE đã vượt qua các bài kiểm tra nghiêm ngặt của chuẩn quân đội MIL-STD-810H, bao gồm thả rơi, rung lắc, nhiệt độ, độ ẩm. Kết quả là laptop sẽ luôn bền vững và vượt qua những rủi ro trong đời sống hàng ngày, cho bạn một sản phẩm thực sự bền bỉ.', 1, '2021-10-20 09:25:22', 0),
(4, 'Tai nghe Airpods Pro 2021', 3, 3, 5999000, '637703258655885067_tai-nghe-airpods-pro-2021-trang-1.jpg', '\r\nDòng máy tương thích 1	iPhone, iPad, iPod, Apple Watch, Apple TV, Mac\r\n\r\nDung lượng pin	Lên đến 4.5h nghe nhạc\r\n\r\nHệ điều hành tương thích: iOS, iPadOS, watchOS, tvOS, macOS mới nhất\r\n\r\nLoại kết nối: Bluetooth\r\n\r\nLoại tai nghe: Không dây\r\n\r\nMàu sắc: White\r\nphụ kiện đi kèm: Hộp sạc không dây Magsafe, Nút đệm cao su (3 kích cỡ), Cáp USB-C to Lightning, Sách HDSD\r\n\r\nThời gian bảo hành: 12 Tháng\r\n\r\nThương hiệu: Apple\r\nTính năng: Chống ồn chủ động. Chế độ Transparency nghe âm thanh bên ngoài, chuyển qua lại 2 chế độ bằng cảm biến lực trên tai nghe, - Thời gian nghe lên tới 4,5 giờ- Thời gian đàm thoại lên tới 3,5 giờ, Hỗ trợ sạc MagSafe không dây, Chỉ cần sạc 5 phút nghe nhạc lên đến 1h, Khả năng kháng nước IPX4\r\n\r\nXuất xứ	Trung Quốc\r\n', 1, '2021-01-01 01:48:58', 0),
(5, 'Chuột Gaming Asus TUF M3 Đen', 2, 3, 550000, 'chuot-gaming-asus-tuf-m3-den-220620-1128060.jpg', 'Cảm biến quang 200 - 7000 DPI đẳng cấp chơi game để theo dõi chính xác điểm ảnh cùng với hai nút DPI để điều chỉnh độ nhạy khi di chuyển.\r\n\r\nĐèn ASUS Aura Sync RGB tùy biến với tính năng đồng bộ đa thiết bị để tạo ra vô số kiểu chiếu sáng.\r\n\r\nBảy nút lập trình, bộ nhớ tích hợp cho phép cấu hình nút tùy biến để giúp bạn chơi theo cách của mình dù ở bất kì đâu.\r\n\r\nTiện ích Armoury II với các điều khiển mở rộng và UI trực quan, thiết lập dễ dàng để thực hiện những cài đặt riêng cho chuột của bạn.', 0, '2020-05-16 01:57:11', 0),
(6, 'Router Chuẩn Wifi 6 Băng Tần Kép Asus AX55 Đen', 2, 3, 1956000, 'router-chuan-wifi-6-bang-tan-kep-asus-ax55-den-1-org.jpg', 'Hỗ trợ chuẩn WiFi mới nhất 802.11AX (WiFi 6) và băng thông 80 MHz cho dung lượng và hiệu quả tốt hơn\r\nHỗ trợ băng thông 80MHz và 1024-QAM cho tổng tốc độ kết nối không dây lên tới 1800Mbps trên 2 băng tần 2.4GHz và 5GHz.\r\nPhân bổ hiệu quả các kênh, giao tiếp với nhiều thiết bị cùng lúc với MU-MIMO và kỹ thuật OFDMA.\r\nTương thích với hệ thống WiFi ASUS AiMesh để phủ sóng mượt toàn bộ ngôi nhà.\r\nCông nghệ NitroQAM ™ (1024-QAM) cho phép tốc độ dữ liệu lên mức 25% trong khi tiêu chuẩn cũ bị giới hạn ở 256-QAM.\r\nHỗ trợ 4 cổng LAN và 1 cổng WAN kết nối được với nhiều loại thiết bị.', 0, '2020-12-31 07:18:59', 0),
(7, 'Asus ExpertCenter AIO E5402WH i5 11500B/8GB/512GB/23.8\" FullHD/Touch/Bàn phím/Chuột/Win10 (BA042T)', 2, 4, 22490000, 'vi-vn-asus-expertcenter-aio-e5402wh-i5-ba042t-2.jpg', 'Máy tính bàn Asus ExpertCenter AIO được thiết kế thanh lịch, bền bỉ với chiều dài 541 mm, rộng 439 mm, độ dày màn hình 45 mm và trọng lượng 8.9 kg, vẫn gọn gàng và tiện lợi đặt tại nhiều vị trí như phòng làm việc tại nhà, văn phòng công ty, quầy gian dịch ngân hàng, quầy lễ tân nhà hàng, khách sạn,... mà không lo bị chiếm nhiều diện tích.\r\n\r\nPhần chân đế có kích thước 201 mm chế tác khối đơn giản, chắn chắn, giữ vững thân máy cũng như tạo vẻ đẹp sang trọng và cứng cáp ở mọi góc nhìn.\r\n\r\nĐể điều chỉnh linh hoạt hơn, chân đế được thiết kế công thái học, bạn có thể tự do điều chỉnh độ nghiêng của máy, cũng như có thể xoay dọc màn hình 90 độ để bạn thoải mái thao tác khi làm việc, học tập và giải trí trong mọi góc độ.\r\n\r\nNhằm giúp làm việc từ xa và hội thoại video thêm hiệu quả, nhà Asus đã thêm các phím tắt vào bàn phím đi kèm trên ExpertCenter E5 AiO, nhờ vậy việc bật, tắt nhanh micro và tính năng khử ồn hai chiều thông minh AI Noise-cancelling có thể thực hiện nhanh chóng, thao tác tiện hơn để nâng cao hiệu suất làm việc.\r\n\r\nĐa dạng kết nối, bảo mật cao\r\nMở khóa máy nhanh chóng chỉ trong vài giây và an toàn bảo mật thông tin với tính năng nhận diện gương mặt Windows Hello Face xác định khuôn mặt chính xác trong ánh sáng yếu nhờ camera hồng ngoại IR, bạn không cần phải tốn thời gian ghi nhớ và đăng nhập mật khẩu hàng ngày nữa.\r\n\r\nBên cạnh đó, máy tính để bàn Asus ExpertCenter AIO còn trang bị con chip bảo mật TPM 2.0 mã hóa thông tin nhằm giúp người dùng bảo vệ danh tính và dữ liệu một cách an toàn, tránh bị kẻ xấu xâm nhập và đánh cắp thông tin cá nhân.\r\n\r\nChiếc máy tính All-in-One này được hõ trợ đầy đủ các cổng kết nối bao gồm: 2 cổng USB 2.0, 3 cổng USB 3.2, USB 3.2 Gen 1 Type-C, Thunderbolt 4, HDMI, LAN (RJ45), Jack tai nghe 3.5 mm, khe thẻ nhớ SD, ổ đĩa quang DVD giúp bạn liên kết nhanh chóng, tiện lợi với các thiết bị ngoại vi khác chỉ trong 1 thao tác mà không cần adapter chuyển đổi rườm rà, phục vụ tốt nhất cho công việc và nhu cầu giải trí.', 1, '2020-09-14 22:24:38', 0),
(8, 'Điện thoại iPhone 12 Pro Max 128GB', 3, 1, 32990000, 'iphone-12-pro-max-1-org.jpg', 'iPhone 12 Pro Max 128 GB một siêu phẩm smartphone đến từ Apple. Máy có một hiệu năng hoàn toàn mạnh mẽ đáp ứng tốt nhiều nhu cầu đến từ người dùng và mang trong mình một thiết kế đầy vuông vức, sang trọng.\r\nThay đổi thiết kế mới sau 6 năm\r\nTheo chu kỳ cứ mỗi 3 năm thì iPhone lại thay đổi thiết kế và 2020 là năm đánh dấu cột mốc quan trong này, vì thế rất có thể đây là thời điểm các mẫu iPhone 12 sẽ có một sự thay đổi mạnh mẽ về thiết kế.\r\n\r\niPhone 12 Pro Max sở hữu diện mạo mới mới với khung viền được vát thẳng và mạnh mẽ như trên iPad Pro 2020, chấm dứt hơn 6 năm với kiểu thiết kế bo cong trên iPhone 6 được ra mắt lần đầu tiên vào năm 2014.', 1, '2021-04-01 05:00:00', 0),
(9, 'Điện thoại Nokia 3.4', 1, 1, 3290000, 'q1-780x433.jpg', 'Công ty HMD Global đến từ Phần Lan chính thức bổ sung thành viên mới cho loạt smartphone giá rẻ của mình. Đây là một sản phẩm có màn hình lớn, thiết kế cứng cáp và là điện thoại Nokia series 3 đầu tiên sở hữu màn hình \"đục lỗ\", đó chính là Nokia 3.4.\r\nMàn hình lớn hơn, trải nghiệm nhiều hơn\r\nNokia 3.4 sở hữu màn hình IPS LCD kích thước 6.39 inch độ phân giải HD+, màn hình có thiết kế theo kiểu đục lỗ đang là xu hướng, với một màn hình lớn thì bạn có thể tận dụng được tối đa khả năng hiển thị để phục vụ các nhu cầu như vui chơi, giải trí và làm việc.\r\n\r\nNgoài ra, màn hình \"đục lỗ\" giúp đem đến cho bạn nhiều không gian hơn để tận hưởng giải trí thêm phần trọn vẹn. Còn màn hình IPS LCD sẽ mang lại khả năng hiển thị màu sắc tốt, góc nhìn rộng hơn.\r\n\r\nThiết kế cứng cáp, mạnh mẽ\r\nNokia 3.4 sở hữu thiết kế mạnh mẽ, chắc chắn. Kiểu dáng gọn nhẹ và vẻ hoàn thiện tuyệt đẹp với màu sắc sống động, mặt lưng có kết cấu từ 3D Nano dạng vân có thể cầm chắc chắn trong lòng bàn tay.\r\n\r\n', 0, '2021-01-01 06:00:00', 0),
(10, 'Điện thoại Masstel Fami P20', 5, 1, 550000, 'vi-vn-masstel-fami-p20-pin.jpg', 'Trong phân khúc điện thoại cơ bản, Masstel FAMI P20 được ra mắt hướng đến sự tiện lợi, dễ dàng thao tác trong quá trình sử dụng, đặc biệt phù hợp với người cao tuổi.\r\nThiết kế gọn gàng, dễ dàng cầm nắm\r\nChiếc điện thoại cục gạch Masstel FAMI P20 có màn hình rộng 2.2 inch và được hoàn thiện với khung viền bao quanh bằng kim loại và mặt lưng nhựa, mang lại cảm giác chắc tay khi cầm nắm.', 0, '2019-05-01 17:00:00', 0),
(12, 'iPad Pro 12.9 2021 M1 Wi-Fi 1TB', 3, 5, 49999000, '637546058343075638_ipad-pro-12-9-wifi-xam-1.jpg', 'iPad Pro 12.9 2021 sở hữu loạt công nghệ đột phá như màn hình mini-LEDs, mạng 5G hay bộ vi xử lý Apple M1, cho bạn tận hưởng những điều tinh túy nhất của thế giới công nghệ. Đặc biệt, phiên bản bộ nhớ tối đa lên tới 2TB mang tới không gian bộ nhớ cho công việc chuyên nghiệp.\r\n\r\nKho lưu trữ di động của riêng bạn\r\nNhu cầu lưu trữ của người dùng ngày càng nhiều, đặc biệt là đối với một số công việc đặc thù. Nếu bạn muốn thoải mái cài đặt ứng dụng, lưu giữ những nội dung bộ nhớ lớn như ảnh RAW, video thì iPad Pro 12.9 2021 M1 phiên bản 1TB hay thậm chí là 2TB sẽ phù hợp với bạn. Tha hồ chỉnh sửa ảnh, video, âm nhạc, lưu lại mọi bản thu bạn muốn mà không lo đầy bộ nhớ.\r\n\r\nMàn hình mini-LEDs siêu ấn tượng\r\nTha hồ tận hưởng những hình ảnh sống động như thật trên màn hình Liquid Retina XDR thế hệ mới của iPad Pro 12.9 2021 M1. Độ tương phản lên tới 1.000.000:1 là lý tưởng để bạn xem, chỉnh sửa ảnh chất lượng cao hay thưởng thức những đoạn video HDR từ các ứng dụng xem phim, chương trình truyền hình trực tuyến. Độ sáng toàn màn hình cũng được nâng lên 1000 nits và độ sáng tối đa lên tới 1600 nits, luôn sáng rõ dù bạn sử dụng iPad dưới trời nắng gắt. Bên cạnh đó là các công nghệ hiển thị hàng đầu như P3 wide color, True Tone hay Pro Motion, đưa cả thế giới giải trí lên trước mắt bạn.', 1, '2021-09-12 05:34:41', 0),
(13, 'Máy tính All in one Asus M3400WUAT-BA026T R5 5500U/8GB/512GB-SSD/23.8FHD/KEY/MOUSE/W10SL', 2, 4, 18090000, '637687693783429226_mt-aio-asus-m3400-den-1.jpg', 'Bộ xử lý\r\nHãng CPU:	AMD\r\nCông nghệ CPU:	Ryzen 5\r\nLoại CPU:	5500U\r\nTốc độ CPU:	2.1 GHz\r\nTốc độ tối đa:	4.0 GHz\r\nTốc độ Bus hỗ trợ:	3200 MHz\r\n\r\nRAM\r\nDung lượng RAM:	8 GB\r\nLoại RAM:	DDR4\r\nTốc độ Bus RAM	--\r\nSố khe RAM:	2\r\nHỗ trợ RAM tối đa	--\r\n\r\nỔ cứng lưu trữ\r\nTổng số khe cắm SSD/HDD:	1\r\nSố khe SSD/HDD còn lại:	0\r\nDung lượng ổ cứng:	512 GB\r\nLoại ổ cứng:	SSD\r\nChuẩn kết nối ổ cứng:	PCIe/NVMe\r\nKhe nâng cấp ổ cứng:	--\r\n\r\nMàn hình\r\nKích thước màn hình:	23.8\"\r\nLoại màn hình:	--\r\nĐộ phân giải:	1920 x 1080 pixel\r\nCông nghệ màn hình:	Không\r\nĐộ sáng:	250 nits\r\nTấm nền:	--\r\nĐộ phủ màu:	100% sRGB\r\nTần số quét:	60 Hz\r\nMàn hình cảm ứng:	Có\r\n\r\nĐồ họa\r\nChipset đồ họa:	Radeon Graphics\r\nKiểu thiết kế đồ họa:	Tích hợp\r\nBộ nhớ đồ họa:	Shared\r\n\r\nĐĩa quang\r\nLoại đĩa quang:	Không\r\nCông nghệ đĩa quang:	Không\r\n\r\nGiao tiếp & kết nối: 1 USB 2.00 USB 3.00 USB 3.14 USB 3.21 LAN1 Jack 3.5 mmWifi: 802.11 acBluetooth: Bluetooth 5.0Webcam: HD webcamCard Reader: Không\r\n\r\nThiết kế & Trọng lượng\r\nKiểu dáng:	All In One\r\nLoại Case	--\r\nKích thước (mm)	--\r\nTrọng lượng:	5.4 Kg\r\n\r\nThông tin khác\r\nHệ điều hành kèm theo máy	Windows 10\r\nThông tin hàng hóa\r\nXuất xứ:  \r\nTrung Quốc\r\nNăm ra mắt:  \r\n2021\r\nModel Series:  \r\nKhông\r\nThời gian bảo hành:  \r\n24 Tháng\r\nThương hiệu:  \r\nAsus\r\n', 0, '2021-06-25 05:42:10', 0),
(14, 'Laptop Acer Nitro Gaming AN515 57 51G6 i5 11400H/8GB/512GB SSD/RTX 3050 4GB/Win10', 4, 2, 25999000, '637610884165519217_acer-nitro-gaming-an515-57-den-1.jpg', 'Acer Nitro Gaming AN515 57 51G6 đáp ứng hoàn hảo mọi yêu cầu của game thủ trong tầm giá rất tốt, từ thiết kế bền bỉ, bàn phím RGB cực chất cho đến cấu hình lý tưởng với bộ vi xử lý Intel thế hệ thứ 11 và card đồ họa RTX 30 series mới nhất.\r\n\r\nPhiên bản mới của Acer Nitro 5 tiếp tục đi theo ngôn ngữ thiết kế gaming ấn tượng với màu đen chủ đạo và những chi tiết màu đỏ tạo điểm nhấn. Kiểu dáng hầm hố và góc cạnh cho bạn thêm phần cảm hứng khi chơi game. Ốp bản lề màu đỏ nổi bật trên tông màu đen sang trọng cùng 2 đường dập nổi 2 bên tạo cho Acer Nitro 5 AN515 57 sự khác biệt và đậm chất game thủ. Phần viền màn hình mỏng chỉ 7,02mm giúp laptop thêm phần nhỏ gọn, dễ dàng để bạn chơi game ở bất cứ đâu.\r\n\r\nLàm hết sức, chơi hết mình\r\nAcer Nitro 5 AN515 57 51G6 sở hữu bộ vi xử lý mà chắc chắn game thủ nào cũng rất thích thú. Con chip Intel Core i5 11400H là mẫu CPU mới nhất của thế hệ thứ 11, dù là i5 nhưng có tới 6 nhân 12 luồng, tốc độ tối đa 4.50GHz, bộ nhớ đệm 12MB, cho sức mạnh không thua kém gì những CPU Core i7 trước đây. Bộ vi xử lý cực mạnh giúp Nitro 5 AN515 57 không chỉ chơi game tốt mà còn có thể chạy mượt những ứng dụng công việc nặng hay render video nhanh chóng. Bạn có thể làm mọi việc một cách hiệu quả cao nhất trên chiếc laptop gaming của mình.\r\n\r\nHiệu suất chơi game đột phá với card đồ họa RTX 3050\r\nNitro Gaming AN515 57 51G6 mang trên mình dòng card đồ họa mới nhất RTX 30 series. Đây là dòng GPU cho hiệu suất hoàn hảo, kể cả hoạt động chơi game lẫn đồ họa sáng tạo. GPU NVIDIA GeForce RTX 3050 sử dụng kiến trúc Ampere mới nhất, với các lõi Ray Tracing mới, lõi Tensor và các bộ đa xử lý phát trực tuyến, mang đến bước nhảy vọt về hiệu năng, hình ảnh chân thực đáng kinh ngạc. Bạn có thể chơi tốt hầu hết mọi game ở thiết lập Full HD, từ những game eSports cho đến các game bom tấn AAA.\r\n\r\nChiến game siêu mượt trên màn hình 144Hz\r\nKhông chỉ cấu hình, màn hình máy tính với tần số quét lên đến 144Hz cũng là một “vũ khí” lợi hại khác của Acer Nitro 5 AN515 57. Với màn hình này, bạn sẽ thấy rõ từng chuyển động của kẻ thù, không bỏ qua bất cứ khoảnh khắc nào trong những tựa game fps diễn biến nhanh. Chất lượng hiển thị cũng hết sức tuyệt vời nhờ tấm nền 15,6 inch Full HD IPS, cho bạn những giờ phút giải trí hấp dẫn. Viền màn hình giờ đây đã được thu hẹp chỉ còn 7.02mm, tăng tỉ lệ màn hình trên thân máy 80%, mang đến hình ảnh sống động như thật.\r\n\r\nNâng tầm chất lượng âm thanh\r\nCho những trận chiến thêm phần hấp dẫn nhờ hệ thống âm thanh chuẩn gaming. Phần mềm âm thanh DTS: X Ultra tái tạo âm thanh 3D và 6 chế độ tùy chỉnh âm thanh trong phần mềm Acer True Harmony sẽ giúp cho âm thanh sống động, diễn biến chính xác tùy thuộc vào thể loại game bạn chơi.\r\n\r\nTăng cường hiệu quả tản nhiệt\r\nAcer Nitro 5 AN515 57 sử dụng hệ thống tản nhiệt mới với 2 quạt và công nghệ Acer CoolBoost giúp tăng 10% tốc độ quạt, cho hiệu quả cao hơn và giảm nhiệt độ CPU lẫn GPU xuống 9%. Khả năng lưu thông khí cũng tốt hơn 25% nhờ 4 khe hút gió thoát nhiệt thông minh. Khả năng tản nhiệt tốt giúp bạn có thể yên tâm chơi game, làm việc ổn định trong thời gian dài. Những thông số về nhiệt độ và tính năng điều chỉnh tốc độ quạt có thể thực hiện dễ dàng qua phần mềm Nitro Sense.', 1, '2021-01-20 05:53:01', 0),
(11, 'Máy tính bảng iPad Pro M1 12.9 inch WiFi Cellular 256GB (2021)', 3, 5, 899000, 'ipad-pro-m1-129-inch-wifi-cellular-256gb-2021-240521-0333267.jpg', 'Máy tính bảng iPad Pro M1 12.9 inch Wifi Cellular 256GB (2021) trang bị con chip vô cùng mạnh mẽ M1 cùng công nghệ màn hình mới mini-LED được rất nhiều người dùng đón nhận nồng nhiệt và đánh giá rất tốt sản phẩm này đến từ Apple.\r\nHơn cả một chiếc máy tính bảng cầm tay\r\niPad Pro M1 12.9 inch 2021 sử dụng chip M1 8 nhân, Apple công bố chip M1 có hiệu năng CPU nhanh hơn 50% và GPU nhanh hơn 40%, đồng thời tiết kiệm năng lượng hơn so với người tiền nhiệm. Đây chính là lợi thế cạnh tranh giúp máy đánh bại các dòng máy khác trong cùng phân khúc.', 1, '2021-10-21 08:18:44', 0),
(15, 'Masstel Play 50', 5, 1, 500000, '637371451950728523_masstel-play-50-xanh.jfif', 'Masstel Play 50 là chiếc điện thoại phổ thông với thiết kế bền bỉ, loa ngoài cực lớn và pin “siêu trâu”, phục vụ hoàn hảo nhu cầu đàm thoại nghe gọi của bạn.\r\n\r\nCứng cáp với khung viền kim loại\r\nChỉ cần nhìn vào Masstel Play 50, bạn đã có thể hình dung được độ bền của máy với thiết kế vô cùng “hầm hố”. Kiểu dáng dày, nhiều góc cạnh cho khả năng chống va đập tối ưu. Đặc biệt, Masstel Play 50 còn rất cứng cáp, chắc chắn với khung viền kim loại. Bạn sẽ có một chiếc điện thoại siêu bền.\r\n\r\nBàn phím và màn hình lớn, sử dụng dễ dàng\r\nMasstel Play 50 sở hữu màn hình lớn 2,4 inch độ phân giải QVGA sắc nét và bảo vệ bằng mặt kính cong 2.5D, tăng chất lượng hiển thị. Phần bàn phím số cũng được thiết kế lớn, bấm cực nhạy. Rất dễ dàng để sử dụng và thao tác trên Masstel Play 50.\r\n\r\nGiải trí bằng đài FM không dây\r\nMasstel Play 50 có khả năng bắt sóng FM không dây, để bạn có thể nghe nhạc và tin tức mỗi ngày. Điện thoại cũng hỗ trợ thẻ nhớ, giúp bạn giải trí bằng việc chép những bài hát yêu thích bằng thẻ nhớ và nghe qua tai nghe hoặc loa ngoài. Loa ngoài 3525 Box cực lớn, cho chất lượng âm thanh chân thực và mạnh mẽ, để bạn giải trí mọi lúc mọi nơi.', 0, '2018-01-01 05:58:39', 0),
(16, 'Laptop Acer Predator Gaming PH315 54 78W5 i7 11800H/8GB/512GB SSD/RTX 3050Ti 4GB/Win10', 4, 2, 33999000, '637626626879189048_acer-predator-gaming-ph315-54-den-1.jpg', 'Acer Predator Helios 300 PH315 tập hợp những vũ khí lợi hại nhất như bộ vi xử lý Intel Core i7 thế hệ thứ 11, card đồ họa rời RTX 30 series, quạt tản nhiệt 3D AeroBlade thế hệ thứ 4, giúp bạn cầm chắc chiến thắng trong các trận chiến game căng thẳng.\r\n\r\nSức mạnh gaming bùng nổ\r\nKhông cần phải bàn cãi về sức mạnh của bộ vi xử lý Intel Core i7 11800H có mặt trên Acer Predator Helios 300 PH315. Một con chip có tới 8 nhân 16 luồng, tốc độ xung nhịp tối đa 4.60GHz, bộ nhớ đệm 24MB chắc chắn sẽ “cân” tốt mọi tựa game và cả các ứng dụng nặng. Laptop còn trang bị sẵn 8GB RAM và 512GB SSD cùng khả năng nâng cấp dễ dàng, mang đến tốc độ nhanh vượt trội, không để bạn phải chờ đợi.\r\n\r\nTrải nghiệm game chân thực với RTX 30 series\r\nCard đồ họa NVIDIA GeForce RTX 3050 Ti sẽ mang lại hiệu suất tối ưu cho game thủ và những người làm công việc sáng tạo khi sử dụng laptop Acer Predator Helios 300. Với kiến trúc RTX thế hệ thứ 2 Ampere từ NVIDIA, bạn sẽ nhận được những công nghệ hàng đầu như lõi Tensor thế hệ 3, lõi RT thế hệ 2, NVIDIA DLSS, cho trải nghiệm game tuyệt đỉnh. Hiệu ứng ánh sáng theo thời gian thực, các phép tính vật lý chính xác, tốc độ khung hình vượt trội sẽ tái hiện thế giới trò chơi sinh động hơn bao giờ hết.\r\n\r\nCông nghệ tản nhiệt 3D AeroBlade thế hệ thứ 5\r\nMột lợi thế lớn dành cho những chiếc laptop Acer gaming Predator chính là công nghệ tản nhiệt. Quạt tản nhiệt 3D AeroBlade thế hệ thứ 5 được thiết kế dựa theo cảm hứng từ cơ chế bay im lặng của loài cú, cánh quạt hình răng cưa, mỗi quạt bao gồm 89 cánh siêu mảnh 0,08mm với rãnh thụt kép để cho khả năng lưu thông khí nhiều nhất, đồng thời giảm thiểu tiếng ồn. Nhiệt lượng tỏa ra càng nhiều, tốc độ quay của quạt càng tăng, đảm bảo cho Predator Helios 300 được làm mát liên tục.\r\n\r\nMàn hình 144Hz phản hồi siêu nhạy\r\nTốc độ luôn là cốt lõi của những chiếc máy tính chơi game, Acer Predator Helios 300 PH315 hiểu điều đó khi mang đến cho bạn màn hình 15,6 inch tần số quét lên tới 144Hz, độ phản hồi chỉ 3ms. Hình ảnh sẽ được phản hồi ngay lập tức giúp mọi chuyển động đều trở nên mượt mà trong trò chơi. Cấu hình mạnh mẽ và màn hình chuyên nghiệp cho game thủ giúp giảm thiểu hiện tượng lag, giật hình, bóng mờ, mang tới trải nghiệm game hấp dẫn nhất.\r\n\r\nCổng kết nối đầy đủ\r\nTrên một thân máy mỏng, Acer Predator Helios 300 PH315 vẫn khéo léo trang bị đầy đủ cổng kết nối mà các game thủ cần, bao gồm HDMI 2.0, Mini DP, USB 3.2 Type-A, USB Type-C, cổng mạng LAN RJ45 và jack tai nghe 3.5mm. Thoải mái kết nối với bất kỳ thiết bị ngoại vi nào bạn thích để phục vụ cho gaming và công việc.', 1, '2021-04-24 00:20:20', 0),
(17, 'Laptop Acer Triton Gaming PT315-53-71DJ i7 11800H/16GB/512GB SSD/RTX 3070 8GB/Win10', 4, 2, 50999000, 'vi-vn-acer-predator-triton-300-pt315-53-71dj-i7-1.jpg', 'Acer Triton Gaming PT315-53-71DJ là chiếc laptop chơi game chuyên nghiệp với cấu hình siêu cấp, bao gồm bộ vi xử lý Intel Core i7 11800H, card đồ họa RTX 3070 và màn hình QHD 165Hz. Bạn có thể sử dụng để chơi đồng thời livestream những game AAA hàng đầu hiện nay.\r\n\r\nCấu hình hoàn hảo cho cả làm việc và giải trí\r\nKhông cần phải bàn cãi về sức mạnh của bộ vi xử lý Intel Core i7 11800H có mặt trên Acer Predator Triton 300 PT315. Một con chip có tới 8 nhân 16 luồng, tốc độ xung nhịp tối đa 4.60GHz, bộ nhớ đệm 24MB chắc chắn sẽ “cân” tốt mọi tựa game và cả các ứng dụng nặng. Laptop còn trang bị sẵn tới 16GB RAM và 512GB SSD cùng khả năng nâng cấp dễ dàng, mang đến tốc độ nhanh vượt trội, không để bạn phải chờ đợi.\r\n\r\nChiến game chuyên nghiệp bằng card đồ họa RTX 3070\r\nAcer Predator Triton 300 PT315 trang bị NVIDIA GeForce RTX 3070, card đồ họa Ampere mạnh mẽ bậc nhất hiện nay với bộ nhớ 8GB GDDR6 và bus 256 Bit. Sức mạnh của RTX 3070 tương đương RTX 2080 Super và có thể chơi tốt những tựa game AAA kể cả ở thiết lập đồ họa QHD hay thậm chí là 4K. Tuy nhiên kiến trúc Ampere còn mang đến hiệu suất chơi game nhảy vọt với các lõi RT, lõi Tensor mới và các bộ xử lý đa nhiệm dành cho Streaming. Đồ họa chơi game sẽ trở nên chân thực hơn, fps cao hơn, đồng thời hoạt động truyền phát trực tiếp khi chơi game cũng mượt mà hơn.', 1, '2021-11-07 06:38:21', 0),
(18, 'Laptop Asus TUF Gaming FX516PM-HN002T i7 11370H/8GB/512GB SSD/RTX3060 6GB/Win10 ', 2, 2, 32999000, '637526137028914779_asus-tuf-gaming-fx516-xam-1.jpg', 'Bộ xử lý\r\n\r\nPhiên bản	Intel\r\nCông nghệ CPU	Core i7\r\nLoại CPU	11370H\r\nSố lõi	4\r\nSố luồng	8\r\nTốc độ CPU	3.30 GHz\r\nTốc độ tối đa	4.80 GHz\r\nBộ nhớ đệm	12 MB Smart Cache\r\n\r\nRAM\r\n\r\nDung lượng RAM	8 GB\r\nLoại RAM	DDR4\r\nTốc độ RAM	3200 MHz\r\nSố khe cắm rời	1\r\nSố khe RAM còn lại	1\r\nSố RAM onboard	1\r\nHỗ trợ RAM tối đa	24 GB\r\n\r\nMàn hình\r\nKích thước màn hình	15.6\"\r\nLoại màn hình	LED\r\nĐộ phân giải	1920 x 1080 Pixel\r\nTần số quét	144 Hz\r\nĐộ sáng	250 nits\r\nTấm nền	IPS\r\nCông nghệ màn hình	Anti-glare LED-backlit\r\nĐộ phủ màu	45% NTSC\r\nTỷ lệ màn hình	16:09\r\nĐộ tương phản	--\r\n\r\nThiết kế & Trọng lượng\r\nWidth (mm):  \r\n360\r\nChất liệu mặt bên ngoài cùng:  \r\nKim Loại\r\nDepth (mm):  \r\n252\r\nChất liệu khung màn hình:  \r\nNhựa\r\nHeight (mm):  \r\n19.89 ~ 19.90\r\nChất liệu mặt bàn phím + kê tay:  \r\nNhựa\r\nTrọng lượng (kg):  \r\n2\r\nChất liệu mặt lưng:  \r\nNhựa\r\nBản lề (Hinge / Kickstand):  \r\n--\r\nTản nhiệt:  \r\n--\r\nThông tin hàng hóa\r\nP/N:  \r\n90NR05X1-M00480\r\nNăm ra mắt:  \r\n2021\r\nXuất xứ:  \r\nTrung Quốc\r\nThời gian bảo hành:  \r\n24 Tháng', 0, '2021-11-07 06:46:21', 0),
(19, 'Laptop Asus TUF Gaming FX706HC-HX009T i7 11800H/ 8GB/512GB SSD/RTX 3050 4GB/Win10', 2, 2, 29999000, '637619462453190122_asus-tuf-gaming-fx706-xam-1.jpg', 'Bộ xử lý\r\n\r\nPhiên bản	Intel\r\nCông nghệ CPU	Core i7\r\nLoại CPU	11800H\r\nSố lõi	8\r\nSố luồng	16\r\nTốc độ CPU	2.30 GHz\r\nTốc độ tối đa	4.60 GHz\r\nBộ nhớ đệm	24 MB Smart Cache\r\n\r\nRAM\r\n\r\nDung lượng RAM	8 GB\r\nLoại RAM	DDR4\r\nTốc độ RAM	3200 MHz\r\nSố khe cắm rời	2\r\nSố khe RAM còn lại	1\r\nSố RAM onboard	0\r\nHỗ trợ RAM tối đa	32 GB\r\n\r\nMàn hình\r\n\r\nKích thước màn hình	17.3\"\r\nLoại màn hình	LED\r\nĐộ phân giải	1920 x 1080 Pixel\r\nTần số quét	144 Hz\r\nĐộ sáng	250 nits\r\nTấm nền	IPS\r\nCông nghệ màn hình	Anti-glare LED-backlit\r\nĐộ phủ màu	45% NTSC\r\nTỷ lệ màn hình	16:09\r\nĐộ tương phản	800:1\r\n\r\nÂm thanh\r\nSố loa	--\r\nCông nghệ âm thanh	ASUS SonicMaster stereo\r\nBảo mật\r\nMở khóa vân tay	Không\r\nNhận diện khuôn mặt	Không\r\nMật khẩu	Có\r\nỔ đĩa quang\r\nLoại ổ đĩa quang	Không\r\nỔ đĩa quang	Không\r\nBàn phím & TouchPad\r\nKiểu bàn phím	Backlit Chiclet Keyboard\r\nBàn phím số	Có\r\nLoại đèn bàn phím	LED\r\nCông nghệ đèn bàn phím	--\r\nMàu đèn LED	--\r\nTouchPad	Hỗ trợ cử chỉ đa cảm ứng\r\nThông tin pin\r\nLoại PIN	Lithium-ion\r\nPIN (Cell)	3 Cell\r\nPIN có thể tháo rời	Không\r\nPower Supply	48 W\r\nHệ điều hành\r\nOS	Windows 10\r\nType	64 bit\r\nVersion	Home\r\nPhần mềm khác	Không\r\nThiết kế & Trọng lượng\r\nWidth (mm):  \r\n399\r\nChất liệu mặt bên ngoài cùng:  \r\nKim Loại\r\nDepth (mm):  \r\n269\r\nChất liệu khung màn hình:  \r\nNhựa\r\nHeight (mm):  \r\n21.37 ~ 26.13\r\nChất liệu mặt bàn phím + kê tay:  \r\nNhựa\r\nTrọng lượng (kg):  \r\n2.6\r\nChất liệu mặt lưng:  \r\nNhựa\r\nBản lề (Hinge / Kickstand):  \r\nBản lề đôi\r\nTản nhiệt:  \r\n--', 0, '2021-11-07 06:50:22', 0),
(20, 'Tai nghe bluetooth PowerBeats3 White', 3, 3, 3999000, '636251050031295391_HAPK-TAI-NGHE-BLUETOOTH-POWERBEAT-S3-WHITE-ML8W2ZA-A-00328352.jfif', 'Đặc điểm nổi bật\r\nTai nghe bluetooth PowerBeats 3 là một sản phẩm tuyệt hảo. Nếu bạn là một tín đồ âm thanh thì chắc hẳn Beats sẽ là một lựa chọn được xếp hàng khá xa so với các tên tuổi khác trên thị trường. Tuy nhiên nếu ưu tiên thời trang lên trước tiên thì PowerBeats 3 thực sự là lựa chọn không thể bỏ qua với màu sắc sang trọng.\r\n\r\nThiết kế sang trọng, chuyên nghiệp cho người tập thể thao\r\nTai nghe thể thao PowerBeats 3 White không thay đổi thiết kế, nhưng có những nâng cấp đáng giá, tiếp đó là những tinh chỉnh trên hệ thống ear-hook giúp fit tai hơn. Khả năng chống mồ hôi và kháng khuẩn cũng được tăng cường. PowerBeats 3 White với màu trắng là chủ đạo giúp người dùng cảm thấy sang trọng và nổi bật hơn. Phụ kiện ngoài túi chống sốc ra, còn có sạc nhanh USB và 6 vòng nệm tai để dễ dàng thay thế khi bị mất.\r\n\r\nChất lượng âm thanh tuyệt đỉnh\r\nSau thành công lớn của PowerBeats 2, thì chắc chắn rằng chiếc earphone PowerBeats 3 sẽ đem đến cho bạn một trải nghiệm về âm thanh tốt hơn. Theo tiết lộ của Beats và Apple những chiếc tai nghe không dây mới sẽ được tích hợp CHIP giải mã âm thanh ngay trên tai nghe. Điều này sẽ tinh chỉnh, cải thiện tối đa chất lượng âm thanh.\r\n\r\nPin dùng 12h nghe liên tục\r\nMột nâng cấp đáng kể về Pin, với thời lượng sử dụng liên tục 12h. Tai nghe PowerBeats 3 trở thành chiếc tai nghe bluetooth thể thao đầu tiên trên thế giới, sở hữu dung lượng Pin khủng nhất. Ngoài hiệu năng tuyệt đỉnh về âm thanh, thiết kế chuyên nghiệp thì thời lượng Pin khủng đã làm hài lòng tất cả những vận động viên chuyên nghiệp.', 1, '2021-11-07 06:57:41', 0),
(21, 'Tai nghe Beats Studio Buds', 3, 3, 3999000, '637654764645706321_apple-beats-studio-buds-dd.jpg', 'Đặc điểm nổi bật\r\nVới Beats Studio Buds, bạn sẽ có được trải nghiệm âm nhạc đỉnh cao trên một chiếc tai nghe không dây gọn nhẹ. Sản phẩm sử dụng công nghệ chống ồn chủ động ANC mới nhất, có khả năng tương tác linh hoạt với mọi thiết bị Apple và Android. Không chỉ khoác lên mình vẻ đẹp tinh xảo, Beats Studio Buds còn đem lại trải nghiệm đeo thoải mái hơn bất cứ tai nghe nhét tai nào khác.\r\n\r\nTinh xảo và tối giản trong từng chi tiết\r\nTai nghe Beats Studio Buds được thiết kế với kiểu dáng in-ear nhét trong, đem tới trải nghiệm âm nhạc tốt mà vẫn đảm bảo kích cỡ nhỏ gọn đa dụng. Hộp sạc hình oval của sản phẩm được tích hợp đèn thông báo trạng thái bên ngoài, logo Beats đặc trưng khẳng định đẳng cấp ngay trên thân vỏ. Từng chi tiết của thiết bị đều được thiết kế đạt độ tinh xảo cao nhất và ăn khớp 100% khi bạn cất tai nghe vào hộp.\r\n\r\nMang đến chất âm đầy tính nghệ thuật\r\nVới kinh nghiệm dày dạn trong mảng thiết bị âm thanh, Beats đã thành công khi mang lại chất âm cân bằng, mạnh mẽ cho chiếc tai nghe có thiết kế nhỏ gọn của mình.\r\n\r\nĐể làm được điều này, hãng sử dụng trình điều khiển loa kép độc quyền để điều phối hai buồng âm và tạo ra hiệu ứng âm thanh vòm nổi bật. Sau đó, một bộ xử lý đặc biệt sẽ tối ưu độ to/rõ của âm thanh, đồng thời lọc sạch tiếng ồn gây xao nhãng. Từ đó giúp Beats Studio Buds truyền tải trọn vẹn cảm xúc âm nhạc từ phòng thu đến người nghe.\r\n\r\nKiểm soát tiếng ồn hiệu quả và linh hoạt\r\nBeats Studio Buds được trang bị công nghệ khử ồn chủ động (ANC). Nhà sản xuất đã tối ưu cơ chế vận hành để người dùng có được trải nghiệm linh hoạt nhất khi sử dụng. Hãng chia tính năng khử ồn của sản phẩm ra làm hai chế độ.\r\n\r\nỞ chế độ thông thường, ANC sẽ hoạt động toàn thời gian nhằm liên tục ngăn chặn tạp âm từ môi trường lọt vào trong khi bạn đang nghe nhạc. Nhưng nếu bạn kích hoạt chế độ Xuyên âm với một lần gõ, các micro đo tạp âm sẽ truyền ngược âm thanh từ ngoài vào để bạn đàm thoại với người khác một cách tự nhiên mà không phải tháo Beats Studio Buds ra.', 1, '2021-11-07 06:59:50', 0),
(22, 'ASUS ROG Phone 5 chính hãng', 2, 1, 18990000, 'asus-rog-phone-5_0002_gsmarena_001.jpg', 'ĐẶC ĐIỂM NỔI BẬT\r\nChinh phạt mọi giới hạn - Snapdragon 888 mạnh mẽ, RAM LPDDR5, bộ nhớ UFS 3.1\r\nHiển thị đẳng cấp - Màn hình AMOLED tần số quét 144Hz, phản hồi 1ms, kính Gorilla Victus\r\nTính năng dành cho game thủ - Cảm ứng đa điểm AirTrigger 5, loa kép chất lượng\r\nChiến game bất tận - Pin khủng 6000mAh, sạc siêu tốc 65W\r\n\r\nThiết kế hầm hố, màn hình 6.78 inch FHD+ sắc nét\r\nĐiện thoại Asus ROG Phone 5 vẫn giữ nguyên thiết kế hầm hố nguyên bản của dòng ROG Phone trứ danh. Logo ROG cùng những đường nét được khắc họa tỉ mỉ trên lớp vỏ nhôm nguyên khối kính Gorilla Glass Victus cứng cáp, với tông màu đỏ - đen chủ đạo đặc trưng làm nên một chiếc smartphone gaming đầy cá tính & mạnh mẽ.\r\n\r\nASUS cũng tinh tế trong thiết kế phím cứng và cổng sạc bên ngoài nhằm tạo điều kiện chơi game thuận lợi nhất cho game thủ. Cách bố trí cổng USB và jack tai nghe 3.5mm giúp game thủ thuận tay hơn, không bị vướng víu khi cầm máy xoay ngang.\r\n\r\nAsus ROG Phone 5 tối ưu hóa trải nghiệm quan sát trong từng trò chơi với màn hình 6.78 inch Full HD+ (2400 x 1080 pixels). Sử dụng nền màu AMOLED, với tần số quét đến 144 Hz và chế độ hình ảnh HDR10+ tương phản 100.000:1, bất kỳ tựa game nào, dù là sinh tồn hay phiêu lưu, cũng sẽ trở nên sống động với cài đặt hình ảnh tối đa trên chiếc điện thoại này.\r\n\r\nCấu hình đỉnh cao với Snapdragon 888 (5nm)\r\nVới ROG Phone 5, không tựa game nào là không thể chinh phục được. ASUS đã trang bị cho mẫu smartphone gaming này \"cỗ máy\" mang tên Qualcomm Snapdragon 888 5G tiến trình 5nm.\r\n\r\nSnapdragon 888 tối ưu hóa nhiều tính năng như camera, chất lượng voice call, bảo mật, chuẩn WiFi 6E kết nối bền vững, tiêu hao năng lượng tiết kiệm hơn, và trên hết là hiệu năng gaming đỉnh cao.\r\n\r\nĐi kèm với Snapdragon 888 chính là chip cấu hình GPU Qualcomm Adreno 660. Với bộ đôi này bạn có thể yên tâm thiết lập đồ họa trò chơi lên mức cực đại (max setting) và tận hưởng trải nghiệm gaming đẳng cấp trên ROG Phone 5.\r\n\r\nĐiện thoại ROG Phone 5 còn được trang bị dung lượng RAM 16 GB giúp hệ thống xử lý dữ liệu êm mượt hơn với nhiều tác vụ. Ngoài ra chiếc máy còn có bộ nhớ lưu trữ từ 256 GB cho phép game thủ thỏa sức tải về bất kỳ tựa game nào đang \"hot\" hiện nay.', 1, '2021-11-07 08:01:22', 0),
(23, 'ASUS ROG Phone 3 Chính hãng\r\n', 2, 1, 22990000, 'rog_3.jpg', 'ĐẶC ĐIỂM NỔI BẬT\r\nBức phá mọi giới hạn về hiệu năng - Snapdragon 865+ cao cấp, kết nối 5G, RAM 12GB\r\nMàn hình chuẩn gaming - Tấm nền AMOLED, tần số quét cao 144Hz, HDR10+\r\nChơi game không gián đoạn - Pin khủng 6000mAh, chế độ pin tùy chỉnh\r\nChơi game khác biệt - Hệ thống âm thanh kép chất lượng cao, AirTrigger 3, chế độ X- Mode\r\nChụp ảnh chất lượng cao - Bộ ba camera 64MP với cảm biến hàng đầu\r\n\r\nĐiện thoại Asus ROG Phone 3 – Smartphone chuyên game sức mạnh vô đối\r\nROG Phone 3 mang trên mình những công nghệ tiên tiến và thiết kế hầm hố nhất. Với sức mạnh vô đối cùng thời lượng pin khủng, chiếc smartphone gaming của Asus mới ra mắt đã để lại ấn tượng sâu sắc trong lòng người hâm mộ. Ngoài ra, bạn cũng có thể tham khảo thêm điện thoại Asus Rog Phone 5 với cấu hình mạnh mẽ hơn.\r\n\r\nHai thẻ sim, hỗ trợ 5G\r\nĐiện thoại Asus ROG Phone 3 được trang bị 2 sim Nano hỗ trợ mạng 2G/3G/4G/ 5G. Tuy nhiên chế độ 5G không thể sử dụng cùng lúc ở hai sim. Người dùng muốn sử dụng 5G cần sử dụng tại các địa điểm có kích hoạt mạng 5G.\r\n\r\nĐường nét tinh xảo, mặt lưng được bo cong mềm mại\r\nVề thiết kế, điện thoại Asus này sở hữu một vẻ ngoài đầy thu hút với các đường cắt tinh xảo và độc đáo. Vẫn giữ được sự hầm hố nhưng bề mặt lưng của phiên bản này phẳng hơn, đẹp mắt hơn. Ở mặt lưng máy chúng ta sẽ thấy cụm 3 camera nằm ở góc trên bên trái và có đèn LED kép, logo ROG.\r\nNhờ có bề mặt láng nên cầm sản phẩm rất êm tay, mặt lưng được bo cong ôm sát máy giúp dễ thao tác và di chuyển hơn. Bên cạnh trái là phím nguồn, phím âm lượng và cảm biến \"Air Trigger 2\". Bên phải là cổng kết nối phụ kiện cầm tay. Bên dưới là cổng sạc USB-C và jack cắm tay nghe 3.5 mm.\r\n\r\nBa camera sau 64MP - 13MP – 5MP quay video chất lượng 4K, camera selfie 24 MP\r\nCamera sau của ROG Phone 3 ống kính chính là cảm biến Sony 64MP, hai ống kính còn lại là camera góc rộng có độ phân giải 13MP và ống kính 5MP. Với trợ lý đắc lực là đèn Dual-LED flash. Camera này còn hỗ trợ chế độ chụp HDR, panorama, quay video chất lượng 4K.\r\n\r\nCòn ở mặt trước, điện thoại được trang bị camera selfie độ phân giải 24 MP, khẩu độ f/2.0 hỗ trợ quay video chất lượng 1080p@30fps, camera trước còn có thể diện khuôn mặt. Tuy là thiết kế chơi game nhưng không hề thua kém các smartphone hiện nay trên thị trường.\r\n\r\nMàn hình AMOLED 6,59 inch độ phân giải 2340x1080\r\nAsus ROG Phone 3 có màn hình AMOLED độ phân giải 2340x1080 theo tỉ lệ 19,5:9, kích thước khá lớn 6,59 inch. Tần số quét 144 Hz tốc độ cao giúp đem lại hình ảnh chuyển động mượt mà đồng thời giảm độ trễ khi thao tác đến mức tối thiểu.', 1, '2021-11-07 08:03:57', 0),
(24, 'Bàn phím không dây iPad Pro 11 2021 & Air 10.9 Smart Keyboard Folio', 3, 3, 5499000, '637558306057137803_HASP-00677318-dd.jpg', 'Đặc điểm nổi bật\r\nĐược xây dựng dành riêng cho iPad Pro 11 inch, Smart Keyboard Folio chính hãng Apple không chỉ đem tới sự bảo vệ tốt nhất mà còn được tích hợp bàn phím chuyên dụng đi kèm. Sản phẩm có kích thước nhỏ nhẹ cùng hệ thống phím chức năng đa dạng.\r\n\r\nChống xước xát và hạn chế va đập cho iPad Pro 11 inch\r\nSmart Keyboard Folio là sản phẩm đại diện cho phong cách đặc trưng của Apple với thiết kế thông minh tinh tế. Khi gập vào, chiếc bàn phím thông minh này sẽ biến thành một bộ phụ kiện ôm sát thân vỏ iPad Pro 11 2020, chất liệu mềm mại nhưng vẫn chắc chắn sẽ đảm bảo chống xước xát thiết bị hiệu quả, hạn chế hư hại trong trường hợp bạn bất cẩn làm rơi máy. Với một sản phẩm đắt tiền như iPad Pro 11 inch thì đây là giải pháp cực kì cần thiết để đem tới sự an tâm trong quá trình sử dụng.\r\n\r\nKết nối linh hoạt, thao tác chuyên nghiệp\r\nKhông cần bất cứ một loại dây kết nối nào, Smart Keyboard Folio cho phép gắn trực tiếp vào iPad Pro 11 2020 thông qua cổng kết nối từ tính Smart Connector. Hệ thống nam châm phân bố đều ở nhiều vị trí khác nhau sẽ giúp chiếc bàn phím không dây gắn kết chắc chắn với iPad và đảm bảo không bị rời ra khi trải nghiệm.\r\n\r\nBộ phụ kiện đem tới hai góc dựng iPad Pro 11 2020 khác nhau để bạn có thể điều chỉnh góc trông màn hình sao cho thoải mái nhất tùy theo từng tư thế ngồi khi nhập văn bản.\r\n\r\nSạc pin tự động qua Smart Connector\r\nƯu thế của Smart Connector ở chỗ: ngoài việc có thể gắn trực tiếp vào iPad Pro 11 inch thì phương thức kết nối này còn hỗ trợ bộ phụ kiện sạc pin từ chính chiếc iPad được ghép nối. Quá trình chuyển đổi này sẽ diễn ra hoàn toàn tự động, từ đó bạn không cần phải lo lắng tới vấn đề năng lượng của Smart Keyboard Folio.\r\n\r\nHệ thống phím được tinh chỉnh bởi Apple\r\nVới kinh nghiệm của mình, đội ngũ kỹ sư Apple đã tinh chỉnh hệ thống phím trên Smart Keyboard Folio theo cách tối ưu nhằm đem tới trải nghiệm gõ tốt nhất. Kích thước phím bấm hợp lý, khoảng cách giữa các phím vừa đủ, đảm bảo độ nảy, tốc độ phản hồi nhanh và cực kì tiện lợi.\r\n\r\nTrải nghiệm bàn phím Smart Keyboard Folio, bạn sẽ có cảm giác bấm nhẹ nhàng, trái ngược với sự cứng nhắc trên các dòng sản phẩm khác. Không chỉ vậy, nhà Táo còn bổ sung thêm nhiều phím tắt hữu dụng để bạn lựa chọn như in nghiêng, gạch chân, tô đậm, bạn có thể tùy chỉnh theo ý thích để tìm kiếm nhanh thông tin hoặc kích hoạt nhanh ứng dụng.\r\n\r\nTương thích tuyệt đối với iPad Pro 11 inch 2020\r\nLà sản phẩm bàn phím chính hãng Apple, bàn phím không dây Smart Keyboard Folio là phụ kiện có độ tương thích tốt nhất với iPad Pro 11 inch 2020. Trải nghiệm chuyên nghiệp lý tưởng mà chiếc bàn phím thông minh này đem lại sẽ rất khó để tìm thấy ở sản phẩm nào khác trên thị trường.', 0, '2021-11-07 12:43:56', 0),
(25, 'Bàn Phím Asus ROG Claymore II', 2, 3, 5990000, 'claymore_ii_55ecb67643874edcbe0b399817e87681.jpg', 'Thông số kỹ thuật\r\n\r\n \r\n\r\nThương hiệu:	Asus\r\nModel:	Asus ROG Claymore II\r\nMàu sắc:	Đen\r\nKết nối:	Không dây, có dây\r\nSize:	Fullsize, TKL (numpad tháo rời)\r\nĐèn led:	Led RGB Aura Sync\r\nSwitch:	Optical Blue/ Red\r\nKeycaps:	PBT \r\nChất liệu	Kim loại\r\nPhụ kiện:	Cáp sạc,. kê tay\r\nTính năng:	Sạc nhanh, có thể sử dụng khi đang cắm dây sạc\r\nThời lượng pin vượt trội: 4000mAh với thời lượng lên đến 43h sử dụng ở chế độ đầy đủ led\r\nLưu trữ tối đa 6 cấu hình, bao gồm các tinh chỉnh về tốc độ, Macro...dễ dàng sử dụng mọi lúc, mọi nơi\r\n\r\nThiết kế cao cấp, thay đổi linh hoạt\r\nGame thủ thích thú với kích thước nhỏ gọn của bảng không có phím khi đến lúc chơi, nhưng họ vẫn có thể cần một chiếc numpad để làm việc Excel nhanh chóng hoặc nhập dữ liệu khác trong ngày làm việc. Trước đây, họ có thể phải để hai bàn phím xung quanh, làm lộn xộn không gian làm việc và có khả năng chiếm các cổng có giá trị trên PC của họ. ROG Claymore II là bàn phím RGB quang học  dành cho chơi game đầu tiên trên thế giới với bộ phím số (number pad) có thể tháo rời cho bạn các tùy chọn sắp đặt linh hoạt khi cho cả người chơi game và gõ văn bản.  \r\n\r\nSwitch Tốc độ ánh sáng\r\nThiết kế mới của switch quang học ROG RX sử dụng chùm ánh sáng hồng ngoại chiếu tới cảm biến khi nhấn phím. Các thiết bị chuyển mạch này loại bỏ các điểm tiếp xúc bằng kim loại, mạch gỡ lỗi và độ trễ của bàn phím cơ thông thường, mang lại cho bạn lợi thế đáng kể trong sức nóng của trận chiến. Thiết kế này giúp ổn định từng keycap và switch phím cho cảm giác nhấn phím mượt mà và chắc chắn, truyền mọi lực tác động vào hành trình lên và xuống chính. Bộ ổn định  bên dưới mỗi phím giúp cải thiện thêm độ cân bằng và đèn LED RGB được bảo vệ ở trung tâm của thân đảm bảo ánh sáng tràn ngập đồng đều tất cả các keycap huyền thoại. Mỗi công tắc cơ học quang học ROG RX được đánh giá có tuổi thọ 100 triệu lần nhấn phím để đảm bảo dịch vụ lâu dài và đáng tin cậy.\r\n\r\nLED Aura Sync – Hãy Tỏa Ánh Sáng\r\nĐèn LED Aura Sync RGB của Claymore II có thể định cấu hình cho từng phím riêng lẻ và sáng tạo với bảng màu gồm hơn 16 triệu màu sắc của sản phẩm.có thể đồng bộ hóa với các thành phần hệ thống và thiết bị ngoại vi tương thích bằng phần mềm Armory Crate. Logo ROG ở trên cùng bên trái và chỉ báo sạc pin bốn giai đoạn bên cạnh hoàn toàn tích hợp với sơ đồ ánh sáng Aura hiện tại của bàn phím. Bạn thậm chí có thể định cấu hình Aura Sync trong chế độ không dây của bàn phím.', 1, '2021-11-07 12:47:14', 0),
(26, 'Bàn Phím Asus ROG Strix Scope TKL Gundam Edition', 2, 3, 3990000, 'asus-rog-strix-scope-tkl-gundam_be1edaf2d9474c42840a29e54c77838b_large.png', 'Thông số kỹ thuật\r\n\r\nKeyboard Type	Tenkeyless\r\nKeyboard Switches	Cherry MX Red\r\nKeyboard Key Rollover	87\r\nKeyboard Backlighting	RGB\r\n\r\nPHONG CÁCH, NHỎ GỌN\r\n\r\nROG Strix Scope TKL là bàn phím cơ chơi game hiệu suất cao với kích thước nhỏ, giải phóng không gian trên mặt bàn làm việc của bạn để di chuyển chuột rộng hơn - hoàn hảo cho các cài đặt độ nhạy thấp hơn giúp làm chậm kẻ ô để nâng cao độ chính xác của mục tiêu. Bàn phím được phủ một lớp mặt nhôm để có khả năng phục hồi hàng ngày và được hoàn thiện với một nét thẩm mỹ nổi bật cho một chút phong cách.\r\n\r\nĐƯỢC GIA CÔNG CHO CÁC GAME FPS\r\nSau khi nghiên cứu phong cách chơi của các game thủ FPS, nhóm R&D của ROG đã tạo ra Xccurate Design: phím Ctrl rộng gấp đôi bình thường. Trong nhiệt chiến, kích thước càng lớn càng dễ dàng nhanh chóng tìm kiếm và đánh trúng.\r\n\r\nQUYỀN RIÊNG TƯ NGAY LẬP TỨC\r\nMột cú chạm nhanh vào Khóa ẩn của ROG Strix Scope TKL ngay lập tức ẩn tất cả các ứng dụng và tắt tiếng tất cả âm thanh, đảm bảo quyền riêng tư ngay khi bạn cần. Được trang trí với họa tiết hình GUNDAM, lần đẩy thứ hai của Stealth đưa mọi thứ trở lại như cũ.', 0, '2021-11-07 13:01:37', 0),
(27, 'PC Asus ROG Strix G35DX (R7-5800X/16GB RAM/1TB SSD/RTX3070 8GB/WL+BT/Win 10) (G35DX-VN010T)', 2, 4, 52199000, '250_61060_g35dx_vn010t_001.png', 'Thông số kỹ thuật chi tiết PC Asus ROG Strix G35DX (R7-5800X/16GB RAM/1TB SSD/RTX3070 8GB/WL+BT/Win 10) (G35DX-VN010T)\r\nHãng sản xuất	Asus\r\nModel	ROG Strix G35DX\r\nCPU	AMD Ryzen 7 5800X\r\nChipset	AMD X570\r\nRAM	1 x 16GB DDR4/ 3200MHz (4 slots)\r\nỔ cứng	1TB SSD PCIe (M.2 2280)\r\nỔ quang	Không có\r\nGPU	GeForce RTX 3070\r\nDrive Bays	2 x 2.5” hot-swap bays ; 1 x 3.5” bays\r\nLAN	10/100/1000 Mbps\r\nWireless	802.11 ac\r\nBluetooth	Bluetooth 5.0\r\nCổng kết nối	Trước:\r\n1 x Headphone\r\n1 x Microphone\r\n2 x USB 3.1 Gen 1\r\n2 x USB 3.1 Gen 1 Type-C\r\n\r\nSau:\r\n4 x USB 3.1 Gen 1\r\n3 x USB 3.1 Gen 2\r\n1 x USB 3.1 Gen 2 Type-C\r\n1 x HDMI 2.0\r\n1 x DisplayPort\r\n1 x RJ45\r\n1 x SPDIF out\r\n5 x Audio jack\r\n3 x DisplayPort (Card)\r\n2 x HDMI (Card)\r\nNguồn	750W\r\nTrọng lượng	13.53 kg\r\nKích thước	27.9 x 43.3 x 50.1 cm (W x D x H)\r\nHệ điều hành	Windows 10 Home Single Language 64-bit', 1, '2021-11-07 13:10:36', 0),
(28, 'Máy tính bảng iPad Pro M1 12.9 inch WiFi Cellular 128GB (2021)', 3, 5, 36290000, 'ipad-pro-2021-129-inch-silver-600x600.jpg', 'Máy tính bảng iPad Pro M1 12.9 inch Wifi Cellular 256GB (2021) trang bị con chip vô cùng mạnh mẽ M1 cùng công nghệ màn hình mới mini-LED được rất nhiều người dùng đón nhận nồng nhiệt và đánh giá rất tốt sản phẩm này đến từ Apple.\r\nHơn cả một chiếc máy tính bảng cầm tay\r\niPad Pro M1 12.9 inch 2021 sử dụng chip M1 8 nhân, Apple công bố chip M1 có hiệu năng CPU nhanh hơn 50% và GPU nhanh hơn 40%, đồng thời tiết kiệm năng lượng hơn so với người tiền nhiệm. Đây chính là lợi thế cạnh tranh giúp máy đánh bại các dòng máy khác trong cùng phân khúc.\r\n\r\nSức mạnh chưa bao giờ là vấn đề với máy khi thiết bị hoàn toàn có thể đáp ứng được nhiều nhu cầu sử dụng khác nhau từ việc giải trí nghe nhạc, xem phim, chơi game cấu hình cao, cho đến kết nối mạng học trực tuyến đều đáp ứng rất tốt.\r\n\r\nChụp ảnh, quay video thỏa thích\r\nCamera selfie góc siêu rộng độ phân giải 12 MP với tính năng Center Stage mới được Apple tích hợp, giúp ích rất nhiều cho người dùng khi gọi FaceTime bởi khả năng theo dõi và thay đổi góc quay giữ cho đối tượng luôn ở giữa khung hình.\r\n\r\nTựa như phiên bản trước, máy cũng sở hữu hệ thống camera kép ở mặt sau, gồm camera chính 12 MP với khả năng lấy nét tự động nhanh, chính xác, camera góc rộng 10 MP với trường nhìn 125 độ bắt trọn mọi khung cảnh thiên nhiên mà vẫn đảm bảo độ chi tiết.\r\n\r\nĐồng hành suốt cả ngày dài\r\nĐược tích hợp viên pin khủng lên tới 40.88 Wh khoảng 10.835 mAh, được tối ưu bởi con chip M1 và công nghệ màn hình mini-LED mới giúp tiết kiệm điện năng đáng kể để máy có thể trụ lên tới 10 giờ đồng hồ cho nhiều tác vụ, mang đến những trải nghiệm vô cùng bất tận.', 1, '2021-11-09 12:56:20', 0);
INSERT INTO `products` (`id`, `name`, `manu_id`, `type_id`, `price`, `image`, `description`, `feature`, `created_at`, `hangton`) VALUES
(29, 'Máy tính bảng iPad Pro M1 12.9 inch WiFi 256GB (2021) ', 3, 5, 34990000, 'ipad-pro-2021-129-inch-silver-600x600.jpg', 'iPad Pro M1 12.9 inch Wifi 256GB (2021) là dòng máy tính bảng cao cấp của Apple với nhiều nâng cấp đáng chú ý như chip Apple M1 giống trên MacBook và màn hình mini-LED mới cùng nhiều đột phá công nghệ dẫn đầu khác mang đến trải nghiệm làm việc và giải trí đỉnh cao.\r\nHiệu năng vượt trội với chip Apple M1\r\nMáy tính bảng iPad Pro M1 12.9 inch 2021 được trang bị con chip mới Apple M1 với 8 nhân CPU và 8 nhân GPU mang lại một hiệu năng vượt trội, cụ thể máy cho khả năng xử lý về CPU nhanh hơn 50% và hiệu suất GPU tăng 40% so với thế hệ trước.\r\n\r\nVới bộ vi xử lý Apple M1 mang sức mạnh kế thừa từ dòng MacBook M1, giúp iPad Pro 12.9 inch 2021 đã mạnh mẽ nay còn chuyên nghiệp hơn bao giờ hết, giờ đây bạn có thể dựng các mô hình AR phức tạp hay chơi game ở mức đồ họa cao nhất.\r\n\r\nBên cạnh đó, iPad Pro 12.9 inch 2021 còn được trang bị RAM 8 GB cho mọi thao tác đa nhiệm hay sử dụng nhiều ứng dụng cùng lúc luôn được mượt mà. Với dung lượng bộ nhớ trong 256 GB có thể thoải mái lưu trữ tài liệu, game hay cài đặt các ứng dụng nặng.\r\n\r\nMàn hình Liquid Retina XDR 120 Hz siêu nét, siêu mượt\r\nVới iPad thế hệ mới, Apple đã trang bị một màn hình Liquid Retina XDR có kích thước 12.9 inch cùng tỉ lệ tương phản 1.000.000:1 giúp người dùng có trải nghiệm thị giác tốt hơn.\r\n\r\nMàn hình này còn hỗ trợ các công nghệ hiển thị hàng đầu như P3 wide color, True Tone cho khả năng hiển thị màu sắc sinh động, chân thực như trong cuộc sống thường ngày, rất lý tưởng để bạn chỉnh sửa ảnh chất lượng cao hay thưởng thức xem phim, chương trình truyền hình trực tuyến.\r\n\r\nThiết kế cao cấp, sang trọng thu hút mọi ánh nhìn\r\nThiết kế của iPad Pro M1 12.9 inch 2021 không có nhiều sự khác biệt so với “người anh tiền nhiệm” iPad Pro 2020 khi tiếp tục được Apple thiết kế với vẻ ngoài vuông vức, sang trọng và hiện đại.\r\n\r\nThời lượng sử dụng pin ấn tượng, hỗ trợ sạc nhanh 20 W\r\niPad Pro 12.9 inch 2021 được trang bị viên pin dung lượng lớn 40.88 Wh khoảng 10.835 mAh cung cấp thời lượng sử dụng tương đối lâu dài với những tác vụ không quá nặng như làm việc, lướt web, xem phim,...\r\n\r\n', 1, '2021-11-09 13:00:27', 0),
(30, 'Mac Mini 2020 M1 8-core/8GB/256GB/Silver (MGNR3SA/A)', 3, 4, 19990000, 'mac-mini-m1-mgnr3saa-thumb-600x600.jpg', 'Mac mini 2020 M1 (MGNR3SA/A) là dòng Mac nhỏ gọn, linh hoạt và đa năng khi có thể đáp ứng cả các nhu cầu giải trí và làm đồ họa mạnh mẽ với hiệu năng đột phá từ chip M1.\r\nBộ vi xử lý M1 mạnh mẽ vượt trội\r\nApple Mac mini M1 sở hữu chip M1 được chính Apple thiết kế, mang đến hiệu năng vượt trội với 8 nhân CPU mang đến tốc độ xử lý gấp 3 lần và 8 nhân GPU cho khả năng thiết kế đồ họa mạnh mẽ, phục vụ tốt cho việc chỉnh sửa ảnh, làm video trên các phần mềm như Photoshop, AI, Pr,... \r\n\r\nApple M1 còn mang đến 16 nhân Neural Engine và đầy đủ các công nghệ máy học tiên tiến cho khả năng xử lý các tác vụ về tính toán, phân tích video, nhận dạng giọng nói và nhiều hơn nữa.\r\n\r\nBộ nhớ RAM 8 GB độ trễ thấp giúp đa nhiệm mượt mà, cho phép các ứng dụng chia sẻ dữ liệu giữa CPU, GPU và Neural Engine một cách hiệu quả, làm việc đa tác vụ cùng lúc mà không lo đơ máy, đứng máy.\r\n\r\nỔ cứng SSD 256 GB mang đến khả năng xử lý nhanh chóng và không gian lưu trữ dữ liệu, bạn có thể tải được nhiều ứng dụng, tài liệu, phục vụ nhu cầu học tập, làm việc hằng ngày hay các file âm nhạc, phim ảnh giải trí.\r\n\r\nKích thước nhỏ gọn, tối giản và bảo mật tối ưu\r\nMac mini M1 2020 sở hữu thiết kế khối vuông vô cùng nhỏ gọn với độ dày chỉ 36 mm và nhẹ 1.2 kg tiện lợi di chuyển và giúp tiết kiệm điện năng tiêu thụ lên đến 60% so với thế hệ trước đó.\r\n\r\nMáy tính để bàn Apple có kiểu dáng sang trọng được chế tác hoàn toàn 100% từ hợp kim nhôm tái chế, tông màu bạc kim loại cao cấp với logo Apple nổi bật trên mặt lưng. \r\n\r\nSử dụng một bộ vi xử lý riêng cho bảo mật mang tên Secure Enclave, cơ chế mã hóa dữ liệu AES trên ổ cứng và định danh tài khoản với Apple ID mang đến khả năng bảo mật gần như hoàn hảo.\r\n\r\nHệ điều hành macOS Big Sur mang lại trải nghiệm thú vị cho người dùng với thiết kế giao diện và những tính năng vô cùng hữu ích, tương thích tốt với chip Apple M1, giúp nâng cao hiệu quả công việc.\r\n\r\nHỗ trợ kết nối hiện đại, nhanh chóng\r\nTrang bị 2 cổng Thunderbolt 4 cho tốc độ truyền tải dữ liệu lên đến 40 Gbps, hỗ trợ xuất hình ảnh sáng màn hình 6K sắc nét và các cổng USB-A, HDMI 2.0, Wi-Fi 6, LAN (RJ45) đáp ứng mọi nhu cầu kết nối đa dạng với nhiều thiết bị thông dụng hiện nay như máy chiếu, tivi, màn hình rời,...', 1, '2021-11-09 13:10:41', 0);

-- --------------------------------------------------------

--
-- Table structure for table `protypes`
--

DROP TABLE IF EXISTS `protypes`;
CREATE TABLE IF NOT EXISTS `protypes` (
  `type_id` int(10) NOT NULL AUTO_INCREMENT,
  `type_name` varchar(100) COLLATE utf8_unicode_ci NOT NULL,
  PRIMARY KEY (`type_id`)
) ENGINE=MyISAM AUTO_INCREMENT=13 DEFAULT CHARSET=utf8 COLLATE=utf8_unicode_ci;

--
-- Dumping data for table `protypes`
--

INSERT INTO `protypes` (`type_id`, `type_name`) VALUES
(1, 'Smartphones'),
(2, 'Laptop'),
(3, 'Accessories'),
(4, 'PC'),
(5, 'Tablet');

-- --------------------------------------------------------

--
-- Table structure for table `users`
--

DROP TABLE IF EXISTS `users`;
CREATE TABLE IF NOT EXISTS `users` (
  `id` int(11) NOT NULL AUTO_INCREMENT,
  `fullname` varchar(90) COLLATE utf8_unicode_ci DEFAULT NULL,
  `email` varchar(200) COLLATE utf8_unicode_ci DEFAULT NULL,
  `password` varchar(50) COLLATE utf8_unicode_ci DEFAULT NULL,
  PRIMARY KEY (`id`)
) ENGINE=MyISAM AUTO_INCREMENT=38 DEFAULT CHARSET=utf8 COLLATE=utf8_unicode_ci;

--
-- Dumping data for table `users`
--

INSERT INTO `users` (`id`, `fullname`, `email`, `password`) VALUES
(1, 'Nguyễn Chí Bảo', 'nguyenchibao9911@gmail.com', '490b7a2c7e9b3e73f7af10cad39d0783'),
(2, 'admin', 'admin@gmail.com', '21232f297a57a5a743894a0e4a801fc3'),
(37, 'nhom4', 'nhom4@gmail.com', '190dda4dc514d711878b56d7be0b4570'),
(33, 'Ức Văn Bình', 'ucvanbinh@gmail.com', 'af01d18099a3ab604dbf1f95857b2103');
COMMIT;

/*!40101 SET CHARACTER_SET_CLIENT=@OLD_CHARACTER_SET_CLIENT */;
/*!40101 SET CHARACTER_SET_RESULTS=@OLD_CHARACTER_SET_RESULTS */;
/*!40101 SET COLLATION_CONNECTION=@OLD_COLLATION_CONNECTION */;
